"Iteration","CLift","CDrag","CSideForce","CMx","CMy","CMz","CFx","CFy","CFz","CL/CD","Res_Flow[0]","Res_Flow[1]","Res_Flow[2]","Res_Flow[3]","Res_Flow[4]","Linear_Solver_Iterations","CFL_Number","Time(min)"
           0, 0.1974055746, 0.0882156836, -0.0365281379, 0.1093047113, -0.0687181550, -0.0446267458, 0.0775520609, -0.0365281379, 0.2018332122, 2.2377605258, -4.6185565000, -4.6191761671, -15.7810091085, -5.8911641830, -4.0113904992, 2.0000000000, 5.0000000000, 0.0212600668
           1, 0.2126765649, 0.0600934518, -0.0169325875, 0.1180014226, -0.0677440018, -0.0258267730, 0.0486547350, -0.0169325875, 0.2155812166, 3.5390971677, -4.4853464356, -4.3384016327, -4.6341067808, -4.4494045386, -3.8678956390, 2.0000000000, 5.0000000000, 0.0359938025
           2, 0.2316899401, 0.0482156957, -0.0076560075, 0.1286079296, -0.0698831950, -0.0166628145, 0.0357789483, -0.0076560075, 0.2339334275, 4.8052804535, -4.5134800983, -4.4401258852, -4.5181559757, -4.3896666934, -3.9215505976, 2.0000000000, 5.0000000000, 0.0515153329
           3, 0.2448755329, 0.0415361361, -0.0023465622, 0.1357347693, -0.0708541737, -0.0110049307, 0.0284050434, -0.0023465622, 0.2467436539, 5.8954817573, -4.5029398931, -4.5320090188, -4.4853031276, -4.3865096537, -3.9284226586, 2.0000000000, 5.0000000000, 0.0666201989
           4, 0.2545039435, 0.0358451409, 0.0017677541, 0.1404010383, -0.0711258290, -0.0060440190, 0.0222081817, 0.0017677541, 0.2560545412, 7.1000960455, -4.4721676815, -4.5149851563, -4.4791583857, -4.3519858482, -3.9027985322, 2.0000000000, 5.0000000000, 0.0813585838
           5, 0.2621883060, 0.0312791136, 0.0048637623, 0.1438150454, -0.0712716059, -0.0018800690, 0.0172384604, 0.0048637623, 0.2634842049, 8.3822166287, -4.4644841110, -4.5033444706, -4.4843122929, -4.3289583162, -3.9011823034, 2.0000000000, 5.0000000000, 0.0960923513
           6, 0.2685886869, 0.0277924888, 0.0071090214, 0.1465361886, -0.0714797168, 0.0014173489, 0.0134151438, 0.0071090214, 0.2696893381, 9.6640746617, -4.4847801695, -4.5365153623, -4.4878005345, -4.3313650174, -3.9299704466, 2.0000000000, 5.0000000000, 0.1109360496
           7, 0.2741296629, 0.0250956445, 0.0087518351, 0.1488364445, -0.0717913348, 0.0039986953, 0.0104263580, 0.0087518351, 0.2750784516, 10.9233960222, -4.5167711026, -4.5979106789, -4.4920586101, -4.3537466505, -3.9698501335, 2.0000000000, 5.0000000000, 0.1261644681
           8, 0.2790037017, 0.0229296489, 0.0099899296, 0.1508074906, -0.0721511335, 0.0060439741, 0.0080032664, 0.0099899296, 0.2798299164, 12.1678139309, -4.5441874002, -4.6553372374, -4.5013192855, -4.3874789144, -4.0014334918, 2.0000000000, 5.0000000000, 0.1420562347
           9, 0.2832329300, 0.0211300607, 0.0109501249, 0.1524456382, -0.0724634082, 0.0076858572, 0.0059804807, 0.0109501249, 0.2839570495, 13.4042648487, -4.5691324298, -4.6915219313, -4.5140271410, -4.4213827734, -4.0281862507, 2.0000000000, 5.0000000000, 0.1582982500
          10, 0.2867675517, 0.0196015780, 0.0117105910, 0.1537212443, -0.0726408480, 0.0090122798, 0.0042654932, 0.0117105910, 0.2874050385, 14.6298197004, -4.5985213002, -4.7134785132, -4.5291024082, -4.4484040526, -4.0595892624, 2.0000000000, 5.0000000000, 0.1727778355
          11, 0.2895649283, 0.0182889504, 0.0123197448, 0.1546203252, -0.0726320254, 0.0100832754, 0.0028054085, 0.0123197448, 0.2901283562, 15.8327799907, -4.6323841026, -4.7339236679, -4.5475596523, -4.4710091436, -4.0963254152, 2.0000000000, 5.0000000000, 0.1881025672
          12, 0.2916314489, 0.0171591994, 0.0128079501, 0.1551617775, -0.0724267321, 0.0109428808, 0.0015669540, 0.0128079501, 0.2921316223, 16.9956325993, -4.6674625597, -4.7588611624, -4.5699517446, -4.4951954451, -4.1347654975, 2.0000000000, 5.0000000000, 0.2027952353
          13, 0.2930203111, 0.0161903233, 0.0131956648, 0.1553912778, -0.0720433164, 0.0116265246, 0.0005253195, 0.0131956648, 0.2934667840, 18.0984842454, -4.7014094974, -4.7878678897, -4.5958126871, -4.5236877240, -4.1720841780, 2.0000000000, 5.0000000000, 0.2177298665
          14, 0.2938143659, 0.0153658779, 0.0134981312, 0.1553689049, -0.0715148563, 0.0121637003, -0.0003403384, 0.0134981312, 0.2942156964, 19.1212222565, -4.7329226952, -4.8177690697, -4.6245276052, -4.5554539568, -4.2066370921, 2.0000000000, 5.0000000000, 0.2320951025
          15, 0.2941064343, 0.0146714524, 0.0137282895, 0.1551528577, -0.0708769943, 0.0125796035, -0.0010493649, 0.0137282895, 0.2944702787, 20.0461704210, -4.7617677432, -4.8462944868, -4.6555709312, -4.5882065647, -4.2380973290, 2.0000000000, 5.0000000000, 0.2465048353
          16, 0.2939879606, 0.0140931354, 0.0138980845, 0.1547928427, -0.0701632529, 0.0128954132, -0.0016205330, 0.0138980845, 0.2943211024, 20.8603659348, -4.7893541127, -4.8737105042, -4.6882808060, -4.6203844921, -4.2680696953, 2.0000000000, 5.0000000000, 0.2608035684
          17, 0.2935473650, 0.0136176913, 0.0140185328, 0.1543307371, -0.0694047063, 0.0131286328, -0.0020717794, 0.0140185328, 0.2938557550, 21.5563238714, -4.8179500958, -4.9019226405, -4.7218291468, -4.6517452116, -4.2991135272, 2.0000000000, 5.0000000000, 0.2750953674
          18, 0.2928670303, 0.0132323991, 0.0140998540, 0.1538017909, -0.0686290881, 0.0132940800, -0.0024202049, 0.0140998540, 0.2931558227, 22.1325723850, -4.8491919314, -4.9325824664, -4.7554888757, -4.6828460433, -4.3330131859, 2.0000000000, 5.0000000000, 0.2894438346
          19, 0.2920195455, 0.0129254712, 0.0141510684, 0.1532354864, -0.0678607329, 0.0134041683, -0.0026814550, 0.0141510684, 0.2922931621, 22.5925647827, -4.8833675407, -4.9660828908, -4.7890093191, -4.7143334948, -4.3700236196, 2.0000000000, 5.0000000000, 0.3038047353
          20, 0.2910655235, 0.0126864153, 0.0141796851, 0.1526554081, -0.0671190177, 0.0134692714, -0.0028692427, 0.0141796851, 0.2913277390, 22.9430865045, -4.9195459447, -5.0015330678, -4.8225964202, -4.7465096800, -4.4090199362, 2.0000000000, 5.0000000000, 0.3182112018
          21, 0.2900561278, 0.0125061613, 0.0141917549, 0.1520810776, -0.0664192453, 0.0134981051, -0.0029953565, 0.0141917549, 0.2903101604, 23.1930583255, -4.9563308791, -5.0374156193, -4.8567388578, -4.7793494774, -4.4483137202, 2.0000000000, 5.0000000000, 0.3325294654
          22, 0.2890320662, 0.0123766623, 0.0141919766, 0.1515273327, -0.0657719794, 0.0134981111, -0.0030700047, 0.0141919766, 0.2892806459, 23.3529896220, -4.9925755642, -5.0723113720, -4.8918751309, -4.8126541489, -4.4864235778, 2.0000000000, 5.0000000000, 0.3468570987
          23, 0.2880259085, 0.0122905453, 0.0141840592, 0.1510053395, -0.0651839435, 0.0134758230, -0.0031022884, 0.0141840592, 0.2882713258, 23.4347541589, -5.0278778467, -5.1054549902, -4.9281943485, -4.8462281652, -4.5226962440, 2.0000000000, 5.0000000000, 0.3612022320
          24, 0.2870624795, 0.0122410343, 0.0141708749, 0.1505230413, -0.0646588297, 0.0134368413, -0.0031002994, 0.0141708749, 0.2873066275, 23.4508353732, -5.0625203882, -5.1368474723, -4.9656084496, -4.8799581450, -4.5573786632, 2.0000000000, 5.0000000000, 0.3755149166
          25, 0.2861608056, 0.0122218979, 0.0141546748, 0.1500865003, -0.0641985883, 0.0133860267, -0.0030712756, 0.0141546748, 0.2864052177, 23.4137780416, -5.0970154157, -5.1669915135, -5.0038991891, -4.9138185639, -4.5911800119, 2.0000000000, 5.0000000000, 0.3898349007
          26, 0.2853350785, 0.0122273484, 0.0141372233, 0.1496994652, -0.0638031986, 0.0133275449, -0.0030217542, 0.0141372233, 0.2855809589, 23.3358099683, -5.1316996389, -5.1965392736, -5.0429081865, -4.9478349008, -4.6248030850, 2.0000000000, 5.0000000000, 0.4042148987
          27, 0.2845951875, 0.0122521740, 0.0141198338, 0.1493643753, -0.0634715218, 0.0132647974, -0.0029574674, 0.0141198338, 0.2848434480, 23.2281378925, -5.1666036062, -5.2260630180, -5.0826281367, -4.9820562155, -4.6586961012, 2.0000000000, 5.0000000000, 0.4185785850
          28, 0.2839478184, 0.0122914749, 0.0141035553, 0.1490827753, -0.0632013350, 0.0132009329, -0.0028836648, 0.0141035553, 0.2841990999, 23.1011997821, -5.2015500780, -5.2559861773, -5.1231917733, -5.0165490916, -4.6930356111, 2.0000000000, 5.0000000000, 0.4328968684
          29, 0.2833955195, 0.0123408063, 0.0140891722, 0.1488542720, -0.0629891518, 0.0131386143, -0.0028049211, 0.0140891722, 0.2836502219, 22.9641006827, -5.2363219169, -5.2866025145, -5.1647875870, -5.0513872692, -4.7278102464, 2.0000000000, 5.0000000000, 0.4472270012
          30, 0.2829381805, 0.0123963390, 0.0140772381, 0.1486769943, -0.0628307464, 0.0130799909, -0.0027250541, 0.0140772381, 0.2831964994, 22.8243339030, -5.2707921796, -5.3181042827, -5.2075743048, -5.0866513015, -4.7629246009, 2.0000000000, 5.0000000000, 0.4615405003
          31, 0.2825726519, 0.0124548019, 0.0140680665, 0.1485477275, -0.0627210529, 0.0130266694, -0.0026471620, 0.0140680665, 0.2828346129, 22.6878478829, -5.3049533438, -5.3506012572, -5.2516079379, -5.1224232478, -4.7982601272, 2.0000000000, 5.0000000000, 0.4759377321
          32, 0.2822927919, 0.0125136422, 0.0140616806, 0.1484619542, -0.0626544724, 0.0129795392, -0.0025734662, 0.0140616806, 0.2825582929, 22.5588031937, -5.3389062763, -5.3841038590, -5.2967979978, -5.1587565645, -4.8337212925, 2.0000000000, 5.0000000000, 0.4903693835
          33, 0.2820907864, 0.0125706666, 0.0140580268, 0.1484145301, -0.0626246694, 0.0129392051, -0.0025057397, 0.0140580268, 0.2823596195, 22.4403999057, -5.3727965542, -5.4185233294, -5.3429341630, -5.1956688150, -4.8692415030, 2.0000000000, 5.0000000000, 0.5046973666
          34, 0.2819576763, 0.0126242055, 0.0140569170, 0.1483999224, -0.0626253068, 0.0129058736, -0.0024451716, 0.0140569170, 0.2822295572, 22.3346868676, -5.4068112131, -5.4536721709, -5.3897238289, -5.2331403773, -4.9048268426, 2.0000000000, 5.0000000000, 0.5190286835
          35, 0.2818835270, 0.0126729463, 0.0140581100, 0.1484122101, -0.0626498366, 0.0128795206, -0.0023925420, 0.0140581100, 0.2821581155, 22.2429354046, -5.4410806772, -5.4892831517, -5.4368596368, -5.2711235580, -4.9404636772, 2.0000000000, 5.0000000000, 0.5333175500
          36, 0.2818581288, 0.0127161093, 0.0140612605, 0.1484453428, -0.0626922288, 0.0128597709, -0.0023480848, 0.0140612605, 0.2821350576, 22.1654377539, -5.4756959182, -5.5250599135, -5.4840673550, -5.3095506670, -4.9761652142, 2.0000000000, 5.0000000000, 0.5476578991
          37, 0.2818713684, 0.0127531170, 0.0140660439, 0.1484933732, -0.0627466996, 0.0128462489, -0.0023118365, 0.0140660439, 0.2821502538, 22.1021549249, -5.5106956770, -5.5607167883, -5.5311465862, -5.3483471934, -5.0119444352, 2.0000000000, 5.0000000000, 0.5619793653
          38, 0.2819141064, 0.0127838664, 0.0140720822, 0.1485511283, -0.0628085961, 0.0128383118, -0.0022834124, 0.0140720822, 0.2821945723, 22.0523351410, -5.5460667850, -5.5960072147, -5.5779885358, -5.3874442053, -5.0477955493, 2.0000000000, 5.0000000000, 0.5763322155
          39, 0.2819782777, 0.0128084026, 0.0140790652, 0.1486142955, -0.0628738640, 0.0128353335, -0.0022623368, 0.0140790652, 0.2822599619, 22.0151010988, -5.5817313256, -5.6307533211, -5.6245684127, -5.4267901519, -5.0836681177, 2.0000000000, 5.0000000000, 0.5906225840
          40, 0.2820563735, 0.0128269230, 0.0140867134, 0.1486789621, -0.0629390011, 0.0128366700, -0.0022480117, 0.0140867134, 0.2823389350, 21.9894026494, -5.6175643994, -5.6648539317, -5.6709341864, -5.4663621634, -5.1194816337, 2.0000000000, 5.0000000000, 0.6049583832
          41, 0.2821417815, 0.0128398038, 0.0140947646, 0.1487418397, -0.0630012280, 0.0128416234, -0.0022397085, 0.0140947646, 0.2824249088, 21.9739947160, -5.6534020047, -5.6982858769, -5.7171655463, -5.5061661151, -5.1551246374, 2.0000000000, 5.0000000000, 0.6192820986
          42, 0.2822293464, 0.0128475498, 0.0141029919, 0.1488006648, -0.0630586421, 0.0128495044, -0.0022366479, 0.0141029919, 0.2825127624, 21.9675620360, -5.6890805170, -5.7310886034, -5.7633539996, -5.5462280231, -5.1904954081, 2.0000000000, 5.0000000000, 0.6335792502
          43, 0.2823149358, 0.0128506317, 0.0141112388, 0.1488536930, -0.0631096575, 0.0128597788, -0.0022381393, 0.0141112388, 0.2825983942, 21.9689539159, -5.7244605251, -5.7633506672, -5.8095670293, -5.5865882971, -5.2255242586, 2.0000000000, 5.0000000000, 0.6479436835
          44, 0.2823952964, 0.0128495917, 0.0141193789, 0.1488997122, -0.0631532235, 0.0128719125, -0.0022434676, 0.0141193789, 0.2826785847, 21.9769860070, -5.7594505138, -5.7952056705, -5.8558769838, -5.6273056935, -5.2601935749, 2.0000000000, 5.0000000000, 0.6625403007
          45, 0.2824680875, 0.0128450685, 0.0141272740, 0.1489380809, -0.0631889545, 0.0128853492, -0.0022518700, 0.0141272740, 0.2827510307, 21.9903916203, -5.7939845339, -5.8267971819, -5.9023199059, -5.6684406768, -5.2944990288, 2.0000000000, 5.0000000000, 0.6778811018
          46, 0.2825317903, 0.0128376722, 0.0141348265, 0.1489685546, -0.0632167514, 0.0128996180, -0.0022626564, 0.0141348265, 0.2828142478, 22.0080234457, -5.8280500885, -5.8582648795, -5.9489135932, -5.7100552475, -5.3284727775, 2.0000000000, 5.0000000000, 0.6932803671
          47, 0.2825854598, 0.0128280215, 0.0141419634, 0.1489911845, -0.0632368367, 0.0129142751, -0.0022751583, 0.0141419634, 0.2828673256, 22.0287641559, -5.8616584319, -5.8897320161, -5.9956637169, -5.7522005489, -5.3621472930, 2.0000000000, 5.0000000000, 0.7085782170
          48, 0.2826287656, 0.0128166860, 0.0141486403, 0.1490063124, -0.0632496819, 0.0129289542, -0.0022887894, 0.0141486403, 0.2829099645, 22.0516260064, -5.8948401495, -5.9212922706, -6.0425712464, -5.7949113772, -5.3955508850, 2.0000000000, 5.0000000000, 0.7241963188
          49, 0.2826618712, 0.0128041698, 0.0141548421, 0.1490145171, -0.0632558574, 0.0129433678, -0.0023030550, 0.0141548421, 0.2829423548, 22.0757671839, -5.9276531973, -5.9529991683, -6.0896254701, -5.8382074757, -5.4287185503, 2.0000000000, 5.0000000000, 0.7399647514
          50, 0.2826852892, 0.0127909775, 0.0141605495, 0.1490164928, -0.0632561134, 0.0129572317, -0.0023174785, 0.0141605495, 0.2829650351, 22.1003664153, -5.9601756539, -5.9848743091, -6.1368022912, -5.8820883612, -5.4616920661, 2.0000000000, 5.0000000000, 0.7569289843
          51, 0.2826998440, 0.0127775478, 0.0141657636, 0.1490130432, -0.0632512997, 0.0129703364, -0.0023316661, 0.0141657636, 0.2829788523, 22.1247338933, -5.9924906874, -6.0169123278, -6.1840591139, -5.9265397520, -5.4945047603, 2.0000000000, 5.0000000000, 0.7743770003
          52, 0.2827066905, 0.0127642769, 0.0141704837, 0.1490051411, -0.0632424089, 0.0129825032, -0.0023452835, 0.0141704837, 0.2829849806, 22.1482730474, -6.0246807195, -6.0490782079, -6.2313126476, -5.9715381854, -5.5271821528, 2.0000000000, 5.0000000000, 0.7901060184
          53, 0.2827071678, 0.0127514980, 0.0141747194, 0.1489938120, -0.0632304520, 0.0129936090, -0.0023580697, 0.0141747194, 0.2829847750, 22.1705063920, -6.0568327253, -6.0813090871, -6.2784382112, -6.0170515302, -5.5597568371, 2.0000000000, 5.0000000000, 0.8079391837
          54, 0.2827026681, 0.0127394799, 0.0141784907, 0.1489800516, -0.0632163911, 0.0130035839, -0.0023698304, 0.0141784907, 0.2829796403, 22.1910683087, -6.0890309004, -6.1135239234, -6.3252607320, -6.0630502018, -5.5922656275, 2.0000000000, 5.0000000000, 0.8234133681
          55, 0.2826945906, 0.0127284422, 0.0141818131, 0.1489648297, -0.0632011450, 0.0130123812, -0.0023804212, 0.0141818131, 0.2829709850, 22.2096770784, -6.1213517918, -6.1456335336, -6.3715490025, -6.1094809526, -5.6247501954, 2.0000000000, 5.0000000000, 0.8402833501
          56, 0.2826842234, 0.0127185484, 0.0141847108, 0.1489489922, -0.0631855215, 0.0130199905, -0.0023897475, 0.0141847108, 0.2829601045, 22.2261389379, -6.1538533168, -6.1775524045, -6.4170544532, -6.1562960210, -5.6572470582, 2.0000000000, 5.0000000000, 0.8565924009
          57, 0.2826726826, 0.0127099035, 0.0141872166, 0.1489332465, -0.0631701964, 0.0130264364, -0.0023977640, 0.0141872166, 0.2829481187, 22.2403484262, -6.1865680876, -6.2092170047, -6.4615330023, -6.2034499304, -5.6897832927, 2.0000000000, 5.0000000000, 0.8719452500
          58, 0.2826609617, 0.0127025625, 0.0141893630, 0.1489182073, -0.0631557340, 0.0130317688, -0.0024044688, 0.0141893630, 0.2829360227, 22.2522787950, -6.2195039624, -6.2405960704, -6.5047861898, -6.2508879845, -5.7223794348, 2.0000000000, 5.0000000000, 0.8872739991
          59, 0.2826498752, 0.0126965290, 0.0141911879, 0.1489043473, -0.0631425642, 0.0130360656, -0.0024099019, 0.0141911879, 0.2829246298, 22.2619800251, -6.2526380101, -6.2717014694, -6.5466951482, -6.2985559757, -5.7550408476, 2.0000000000, 5.0000000000, 0.9037410855
          60, 0.2826400565, 0.0126917663, 0.0141927325, 0.1488920100, -0.0631309799, 0.0130394217, -0.0024141337, 0.0141927325, 0.2829145709, 22.2695604041, -6.2859161853, -6.3025862942, -6.5872520782, -6.3463887605, -5.7877540410, 2.0000000000, 5.0000000000, 0.9193105022
          61, 0.2826319720, 0.0126882044, 0.0141940383, 0.1488814341, -0.0631211675, 0.0130419414, -0.0024172590, 0.0141940383, 0.2829063078, 22.2751749353, -6.3192503481, -6.3333420354, -6.6265744400, -6.3943103720, -5.8204764778, 2.0000000000, 5.0000000000, 0.9348327835
          62, 0.2826259189, 0.0126857521, 0.0141951396, 0.1488727644, -0.0631132217, 0.0130437276, -0.0024193846, 0.0141951396, 0.2829001324, 22.2790036965, -6.3525292751, -6.3640851712, -6.6648617466, -6.4422334156, -5.8531473107, 2.0000000000, 5.0000000000, 0.9510965188
          63, 0.2826220329, 0.0126843026, 0.0141960651, 0.1488660509, -0.0631071517, 0.0130448801, -0.0024206246, 0.0141960651, 0.2828961746, 22.2812432645, -6.3856229808, -6.3949414311, -6.7023790305, -6.4900537886, -5.8856827507, 2.0000000000, 5.0000000000, 0.9664381186
          64, 0.2826203000, 0.0126837343, 0.0141968427, 0.1488612421, -0.0631028766, 0.0130455011, -0.0024210995, 0.0141968427, 0.2828944138, 22.2821049620, -6.4184014604, -6.4260375712, -6.7394275878, -6.5376574472, -5.9179949997, 2.0000000000, 5.0000000000, 0.9820287188
          65, 0.2826206054, 0.0126839184, 0.0141974980, 0.1488582188, -0.0631002555, 0.0130456901, -0.0024209321, 0.0141974980, 0.2828947286, 22.2818057643, -6.4507529938, -6.4574884892, -6.7762885028, -6.5849232871, -5.9500087236, 2.0000000000, 5.0000000000, 0.9973640164
          66, 0.2826227543, 0.0126847278, 0.0141980499, 0.1488568115, -0.0630991127, 0.0130455348, -0.0024202385, 0.0141980499, 0.2828969176, 22.2805532938, -6.4826010776, -6.4893822096, -6.8131831563, -6.6317384037, -5.9816725350, 2.0000000000, 5.0000000000, 1.0137440006
          67, 0.2826264790, 0.0126860354, 0.0141985153, 0.1488568006, -0.0630992299, 0.0130451176, -0.0024191316, 0.0141985153, 0.2829007068, 22.2785503985, -6.5139206061, -6.5217704583, -6.8502368384, -6.6780081311, -6.0129710250, 2.0000000000, 5.0000000000, 1.0299119989
          68, 0.2826314606, 0.0126877242, 0.0141989063, 0.1488579373, -0.0631003762, 0.0130445068, -0.0024177111, 0.0141989063, 0.2829057715, 22.2759775670, -6.5447401919, -6.5546655395, -6.8874704586, -6.7236562527, -6.0439251737, 2.0000000000, 5.0000000000, 1.0451933662
          69, 0.2826373730, 0.0126896844, 0.0141992344, 0.1488599770, -0.0631023208, 0.0130437634, -0.0024160694, 0.0141992344, 0.2829117801, 22.2730026255, -6.5751408587, -6.5880379654, -6.9247945605, -6.7686393807, -6.0745926841, 2.0000000000, 5.0000000000, 1.0605921666
          70, 0.2826438837, 0.0126918139, 0.0141995077, 0.1488626831, -0.0631048368, 0.0130429394, -0.0024142904, 0.0141995077, 0.2829183952, 22.2697783705, -6.6052477758, -6.6218188500, -6.9620319375, -6.8129481127, -6.1050653817, 2.0000000000, 5.0000000000, 1.0759898663
          71, 0.2826506516, 0.0126940218, 0.0141997348, 0.1488658133, -0.0631077008, 0.0130420807, -0.0024124470, 0.0141997348, 0.2829252713, 22.2664381412, -6.6352097307, -6.6559099696, -6.9989403038, -6.8565930360, -6.1354516197, 2.0000000000, 5.0000000000, 1.0915874521
          72, 0.2826573616, 0.0126962307, 0.0141999228, 0.1488691436, -0.0631107124, 0.0130412237, -0.0024105994, 0.0141999228, 0.2829320897, 22.2630927891, -6.6651807094, -6.6901943014, -7.0352522589, -6.8995922788, -6.1658633395, 2.0000000000, 5.0000000000, 1.1068573674
          73, 0.2826637344, 0.0126983744, 0.0142000765, 0.1488724757, -0.0631136937, 0.0130403977, -0.0024087989, 0.0142000765, 0.2829385678, 22.2598361810, -6.6953014018, -6.7245493780, -7.0707240673, -6.9419605456, -6.1964010519, 2.0000000000, 5.0000000000, 1.1238708337
          74, 0.2826695303, 0.0127004000, 0.0142001997, 0.1488756376, -0.0631164936, 0.0130396243, -0.0024070857, 0.0142001997, 0.2829444635, 22.2567423569, -6.7256827420, -6.7588604142, -7.1051867259, -6.9836935867, -6.2271402368, 2.0000000000, 5.0000000000, 1.1397292336
          75, 0.2826745538, 0.0127022670, 0.0142002954, 0.1488784861, -0.0631189885, 0.0130389183, -0.0024054895, 0.0142002954, 0.2829495796, 22.2538665254, -6.7563904756, -6.7930356251, -7.1385796205, -7.0247637833, -6.2581173175, 2.0000000000, 5.0000000000, 1.1550921321
          76, 0.2826786504, 0.0127039459, 0.0142003660, 0.1488809040, -0.0631210777, 0.0130382894, -0.0024040317, 0.0142003660, 0.2829537599, 22.2512480165, -6.7874339102, -6.8270195102, -7.1709634837, -7.0651161748, -6.2893206977, 2.0000000000, 5.0000000000, 1.1703389684
          77, 0.2826817095, 0.0127054181, 0.0142004134, 0.1488828029, -0.0631226911, 0.0130377420, -0.0024027248, 0.0142004134, 0.2829568933, 22.2489104197, -6.8187674483, -6.8607969390, -7.2025138510, -7.1046682926, -6.3206963117, 2.0000000000, 5.0000000000, 1.1856761654
          78, 0.2826836599, 0.0127066737, 0.0142004401, 0.1488841188, -0.0631237815, 0.0130372777, -0.0024015751, 0.0142004401, 0.2829589079, 22.2468653947, -6.8502923018, -6.8943958727, -7.2334944244, -7.1433179405, -6.3521506351, 2.0000000000, 5.0000000000, 1.2011450171
          79, 0.2826844687, 0.0127077108, 0.0142004481, 0.1488848131, -0.0631243258, 0.0130368945, -0.0024005827, 0.0142004481, 0.2829597709, 22.2451133932, -6.8818688882, -6.9278793502, -7.2642058210, -7.1809669782, -6.3835640733, 2.0000000000, 5.0000000000, 1.2166600347
          80, 0.2826841439, 0.0127085348, 0.0142004375, 0.1488848752, -0.0631243240, 0.0130365865, -0.0023997425, 0.0142004375, 0.2829594906, 22.2436454922, -6.9133345190, -6.9613391895, -7.2949416297, -7.2175401283, -6.4148085943, 2.0000000000, 5.0000000000, 1.2332721512
          81, 0.2826827239, 0.0127091561, 0.0142004089, 0.1488843147, -0.0631237927, 0.0130363465, -0.0023990463, 0.0142004089, 0.2829581057, 22.2424464463, -6.9445270986, -6.9948814070, -7.3259431438, -7.2530090883, -6.4457700450, 2.0000000000, 5.0000000000, 1.2489519676
          82, 0.2826802717, 0.0127095890, 0.0142003646, 0.1488831582, -0.0631227625, 0.0130361676, -0.0023984831, 0.0142003646, 0.2829556802, 22.2414958481, -6.9753091891, -7.0286117833, -7.3573632247, -7.2874099745, -6.4763665299, 2.0000000000, 5.0000000000, 1.2645582000
          83, 0.2826768759, 0.0127098519, 0.0142003064, 0.1488814492, -0.0631212793, 0.0130360416, -0.0023980394, 0.0142003064, 0.2829523032, 22.2407686976, -7.0055917076, -7.0626196642, -7.3892427081, -7.3208507538, -6.5065645832, 2.0000000000, 5.0000000000, 1.2799822330
          84, 0.2826726407, 0.0127099645, 0.0142002363, 0.1488792422, -0.0631193957, 0.0130359602, -0.0023977008, 0.0142002363, 0.2829480801, 22.2402384696, -7.0353486496, -7.0969642154, -7.4215049588, -7.3535007702, -6.5363849555, 2.0000000000, 5.0000000000, 1.2960599343
          85, 0.2826676792, 0.0127099474, 0.0142001558, 0.1488765973, -0.0631171681, 0.0130359152, -0.0023974530, 0.0142001558, 0.2829431247, 22.2398779709, -7.0646231666, -7.1316666200, -7.4539632705, -7.3855656182, -6.5659016775, 2.0000000000, 5.0000000000, 1.3127540668
          86, 0.2826621122, 0.0127098219, 0.0142000664, 0.1488735808, -0.0631146575, 0.0130358987, -0.0023972812, 0.0142000664, 0.2829375590, 22.2396595254, -7.0935212616, -7.1667068131, -7.4863449714, -7.4172563774, -6.5952309504, 2.0000000000, 5.0000000000, 1.3281711658
          87, 0.2826560638, 0.0127096089, 0.0141999696, 0.1488702628, -0.0631119266, 0.0130359028, -0.0023971710, 0.0141999696, 0.2829315079, 22.2395563721, -7.1221963652, -7.2020250599, -7.5183284905, -7.4487538466, -6.6245134500, 2.0000000000, 5.0000000000, 1.3451233824
          88, 0.2826496561, 0.0127093285, 0.0141998666, 0.1488667123, -0.0631090363, 0.0130359206, -0.0023971090, 0.0141998666, 0.2829250943, 22.2395428834, -7.1508263526, -7.2375275312, -7.5495905091, -7.4801800436, -6.6538920832, 2.0000000000, 5.0000000000, 1.3610618512
          89, 0.2826430075, 0.0127089997, 0.0141997585, 0.1488629975, -0.0631060458, 0.0130359455, -0.0023970824, 0.0141997585, 0.2829184376, 22.2395951205, -7.1795876530, -7.2730993226, -7.5798570300, -7.5115794480, -6.6834897992, 2.0000000000, 5.0000000000, 1.3767519355
          90, 0.2826362285, 0.0127086396, 0.0141996465, 0.1488591823, -0.0631030094, 0.0130359723, -0.0023970801, 0.0141996465, 0.2829116491, 22.2396919153, -7.2086335547, -7.3086176117, -7.6089453908, -7.5429081658, -6.7133947961, 2.0000000000, 5.0000000000, 1.3921945016
          91, 0.2826294218, 0.0127082629, 0.0141995323, 0.1488553264, -0.0630999763, 0.0130359971, -0.0023970928, 0.0141995323, 0.2829048320, 22.2398153834, -7.2380738276, -7.3439689981, -7.6367924847, -7.5740341167, -6.7436461983, 2.0000000000, 5.0000000000, 1.4092761834
          92, 0.2826226796, 0.0127078827, 0.0141994170, 0.1488514844, -0.0630969906, 0.0130360167, -0.0023971126, 0.0141994170, 0.2828980791, 22.2399502282, -7.2679602762, -7.3790653880, -7.6634600437, -7.6047504322, -6.7742270947, 2.0000000000, 5.0000000000, 1.4252191822
          93, 0.2826160833, 0.0127075097, 0.0141993017, 0.1488477048, -0.0630940906, 0.0130360290, -0.0023971330, 0.0141993017, 0.2828914723, 22.2400840050, -7.2982803882, -7.4138567116, -7.6891145343, -7.6348000566, -6.8050664312, 2.0000000000, 5.0000000000, 1.4407127500
          94, 0.2826097024, 0.0127071525, 0.0141991876, 0.1488440295, -0.0630913081, 0.0130360324, -0.0023971491, 0.0141991876, 0.2828850814, 22.2402070601, -7.3289575405, -7.4483391354, -7.7139894133, -7.6639148534, -6.8360467897, 2.0000000000, 5.0000000000, 1.4580700358
          95, 0.2826035937, 0.0127068177, 0.0141990757, 0.1488404931, -0.0630886685, 0.0130360264, -0.0023971573, 0.0141990757, 0.2828789636, 22.2403123279, -7.3598592397, -7.4825569065, -7.7383402280, -7.6918630392, -6.8670196895, 2.0000000000, 5.0000000000, 1.4756319682
          96, 0.2825978031, 0.0127065101, 0.0141989667, 0.1488371239, -0.0630861912, 0.0130360107, -0.0023971554, 0.0141989667, 0.2828731648, 22.2403949825, -7.3908127730, -7.5165960721, -7.7624004723, -7.7184988912, -6.8978264812, 2.0000000000, 5.0000000000, 1.4910120169
          97, 0.2825923652, 0.0127062328, 0.0141988613, 0.1488339436, -0.0630838902, 0.0130359857, -0.0023971419, 0.0141988613, 0.2828677199, 22.2404523224, -7.4216280377, -7.5505715429, -7.7863498583, -7.7437980557, -6.9283226260, 2.0000000000, 5.0000000000, 1.5075694323
          98, 0.2825873044, 0.0127059876, 0.0141987602, 0.1488309684, -0.0630817744, 0.0130359523, -0.0023971167, 0.0141987602, 0.2828626532, 22.2404833130, -7.4521242128, -7.5846104431, -7.8102964230, -7.7678719202, -6.9584008718, 2.0000000000, 5.0000000000, 1.5241052349
          99, 0.2825826353, 0.0127057748, 0.0141986639, 0.1488282086, -0.0630798479, 0.0130359115, -0.0023970799, 0.0141986639, 0.2828579794, 22.2404882883, -7.4821572610, -7.6188345904, -7.8342744278, -7.7909630848, -6.9880100900, 2.0000000000, 5.0000000000, 1.5394021829
         100, 0.2825783640, 0.0127055939, 0.0141985724, 0.1488256698, -0.0630781109, 0.0130358642, -0.0023970325, 0.0141985724, 0.2828537045, 22.2404686745, -7.5116437130, -7.6533413270, -7.8582556836, -7.8134069097, -7.0171659234, 2.0000000000, 5.0000000000, 1.5550773342
         101, 0.2825744886, 0.0127054436, 0.0141984862, 0.1488233526, -0.0630765596, 0.0130358119, -0.0023969758, 0.0141984862, 0.2828498266, 22.2404268340, -7.5405747908, -7.6881888407, -7.8821720413, -7.8355887025, -7.0459493631, 2.0000000000, 5.0000000000, 1.5792979002
         102, 0.2825710008, 0.0127053217, 0.0141984052, 0.1488212539, -0.0630751875, 0.0130357559, -0.0023969112, 0.0141984052, 0.2828463373, 22.2403656053, -7.5690192354, -7.7233847277, -7.9059444429, -7.8578970398, -7.0744952003, 2.0000000000, 5.0000000000, 1.5959833185
         103, 0.2825678868, 0.0127052259, 0.0141983296, 0.1488193672, -0.0630739856, 0.0130356973, -0.0023968407, 0.0141983296, 0.2828432226, 22.2402882659, -7.5971137706, -7.7588797486, -7.9295141726, -7.8806843420, -7.1029724405, 2.0000000000, 5.0000000000, 1.6117855668
         104, 0.2825651290, 0.0127051534, 0.0141982592, 0.1488176836, -0.0630729436, 0.0130356375, -0.0023967659, 0.0141982592, 0.2828404649, 22.2401981236, -7.6250419959, -7.7945690087, -7.9528677796, -7.9042370588, -7.1315583710, 2.0000000000, 5.0000000000, 1.6284335017
         105, 0.2825627063, 0.0127051014, 0.0141981939, 0.1488161924, -0.0630720495, 0.0130355774, -0.0023966885, 0.0141981939, 0.2828380428, 22.2400984970, -7.6530074326, -7.8302981642, -7.9760536892, -7.9287607203, -7.1604130474, 2.0000000000, 5.0000000000, 1.6450277170
         106, 0.2825605952, 0.0127050669, 0.0141981337, 0.1488148813, -0.0630712907, 0.0130355180, -0.0023966102, 0.0141981337, 0.2828359329, 22.2399926223, -7.6812051228, -7.8658776177, -7.9991861703, -7.9543723033, -7.1896569784, 2.0000000000, 5.0000000000, 1.6604002357
         107, 0.2825587710, 0.0127050472, 0.0141980783, 0.1488137369, -0.0630706543, 0.0130354601, -0.0023965325, 0.0141980783, 0.2828341102, 22.2398835251, -7.7097951080, -7.9011025554, -8.0224354517, -7.9810991852, -7.2193532747, 2.0000000000, 5.0000000000, 1.6773245017
         108, 0.2825572078, 0.0127050396, 0.0141980274, 0.1488127453, -0.0630701271, 0.0130354044, -0.0023964567, 0.0141980274, 0.2828325489, 22.2397738918, -7.7388831661, -7.9357773103, -8.0460096618, -8.0088846455, -7.2494990207, 2.0000000000, 5.0000000000, 1.6941863338
         109, 0.2825558798, 0.0127050415, 0.0141979809, 0.1488118920, -0.0630696962, 0.0130353514, -0.0023963839, 0.0141979809, 0.2828312229, 22.2396660215, -7.7685081128, -7.9697399381, -8.0701303135, -8.0375996324, -7.2800238525, 2.0000000000, 5.0000000000, 1.7118841688
         110, 0.2825547615, 0.0127050508, 0.0141979384, 0.1488111631, -0.0630693491, 0.0130353015, -0.0023963150, 0.0141979384, 0.2828301067, 22.2395618003, -7.7986370099, -8.0028860618, -8.0950077471, -8.0670585034, -7.3107973075, 2.0000000000, 5.0000000000, 1.7276025852
         111, 0.2825538283, 0.0127050654, 0.0141978996, 0.1488105448, -0.0630690743, 0.0130352549, -0.0023962505, 0.0141978996, 0.2828291756, 22.2394627506, -7.8291683376, -8.0351831391, -8.1208197668, -8.0970396739, -7.3416443935, 2.0000000000, 5.0000000000, 1.7437665184
         112, 0.2825530571, 0.0127050837, 0.0141978643, 0.1488100241, -0.0630688609, 0.0130352117, -0.0023961911, 0.0141978643, 0.2828284065, 22.2393699778, -7.8599433100, -8.0666752413, -8.1476949342, -8.1273108005, -7.3723688206, 2.0000000000, 5.0000000000, 1.7596081177
         113, 0.2825524263, 0.0127051043, 0.0141978322, 0.1488095886, -0.0630686992, 0.0130351718, -0.0023961368, 0.0141978322, 0.2828277776, 22.2392841964, -7.8907646148, -8.0974750600, -8.1757012782, -8.1576568113, -7.4027809050, 2.0000000000, 5.0000000000, 1.7755076488
         114, 0.2825519159, 0.0127051262, 0.0141978030, 0.1488092270, -0.0630685801, 0.0130351352, -0.0023960877, 0.0141978030, 0.2828272691, 22.2392058034, -7.9214220810, -8.1277454337, -8.2048407127, -8.1879076152, -7.4327271010, 2.0000000000, 5.0000000000, 1.7913469354
         115, 0.2825515080, 0.0127051484, 0.0141977764, 0.1488089291, -0.0630684961, 0.0130351016, -0.0023960438, 0.0141977764, 0.2828268630, 22.2391348916, -7.9517222724, -8.1576750071, -8.2350493633, -8.2179609932, -7.4621156733, 2.0000000000, 5.0000000000, 1.8068152666
         116, 0.2825511865, 0.0127051702, 0.0141977521, 0.1488086854, -0.0630684402, 0.0130350710, -0.0023960048, 0.0141977521, 0.2828265431, 22.2390712975, -7.9815167231, -8.1874532465, -8.2662019460, -8.2477960776, -7.4909323089, 2.0000000000, 5.0000000000, 1.8224511504
         117, 0.2825509371, 0.0127051914, 0.0141977300, 0.1488084876, -0.0630684066, 0.0130350429, -0.0023959704, 0.0141977300, 0.2828262953, 22.2390146417, -8.0107256259, -8.2172474826, -8.2981240358, -8.2774765069, -7.5192444847, 2.0000000000, 5.0000000000, 1.8381705324
         118, 0.2825507477, 0.0127052116, 0.0141977099, 0.1488083284, -0.0630683906, 0.0130350173, -0.0023959401, 0.0141977099, 0.2828261072, 22.2389643975, -8.0393511583, -8.2471843793, -8.3306087209, -8.3071377694, -7.5471920727, 2.0000000000, 5.0000000000, 1.8571890990
         119, 0.2825506078, 0.0127052307, 0.0141976914, 0.1488082018, -0.0630683882, 0.0130349936, -0.0023959136, 0.0141976914, 0.2828259685, 22.2389199519, -8.0674774170, -8.2773384787, -8.3634389796, -8.3369663330, -7.5749661615, 2.0000000000, 5.0000000000, 1.8737866004
         120, 0.2825505085, 0.0127052487, 0.0141976746, 0.1488081021, -0.0630683961, 0.0130349719, -0.0023958903, 0.0141976746, 0.2828258703, 22.2388806323, -8.0952572296, -8.3077272469, -8.3964127651, -8.3671723865, -7.6027810079, 2.0000000000, 5.0000000000, 1.8895566662
         121, 0.2825504427, 0.0127052656, 0.0141976591, 0.1488080251, -0.0630684120, 0.0130349516, -0.0023958698, 0.0141976591, 0.2828258055, 22.2388457302, -8.1228886173, -8.3383120202, -8.4293679393, -8.3979592095, -7.6308441097, 2.0000000000, 5.0000000000, 1.9062689821
         122, 0.2825504045, 0.0127052817, 0.0141976450, 0.1488079672, -0.0630684341, 0.0130349328, -0.0023958517, 0.0141976450, 0.2828257682, 22.2388145593, -8.1505859156, -8.3690048417, -8.4622048447, -8.4294969514, -7.6593292130, 2.0000000000, 5.0000000000, 1.9222339988
         123, 0.2825503893, 0.0127052971, 0.0141976320, 0.1488079252, -0.0630684610, 0.0130349151, -0.0023958356, 0.0141976320, 0.2828257538, 22.2387864804, -8.1785504787, -8.3996813449, -8.4948999218, -8.4618972349, -7.6883550529, 2.0000000000, 5.0000000000, 1.9380669673
         124, 0.2825503935, 0.0127053119, 0.0141976201, 0.1488078969, -0.0630684920, 0.0130348984, -0.0023958210, 0.0141976201, 0.2828257589, 22.2387609058, -8.2069451247, -8.4301981336, -8.5275069581, -8.4951943442, -7.7179711969, 2.0000000000, 5.0000000000, 1.9546329657
         125, 0.2825504145, 0.0127053263, 0.0141976092, 0.1488078804, -0.0630685264, 0.0130348826, -0.0023958077, 0.0141976092, 0.2828257806, 22.2387373111, -8.2358747272, -8.4604119266, -8.5601451073, -8.5293327326, -7.7481513168, 2.0000000000, 5.0000000000, 1.9710015853
         126, 0.2825504503, 0.0127053405, 0.0141975993, 0.1488078745, -0.0630685643, 0.0130348677, -0.0023957955, 0.0141975993, 0.2828258171, 22.2387152451, -8.2653743426, -8.4901982366, -8.5929756104, -8.5641614421, -7.7787945883, 2.0000000000, 5.0000000000, 1.9865111192
         127, 0.2825504995, 0.0127053547, 0.0141975902, 0.1488078780, -0.0630686054, 0.0130348534, -0.0023957839, 0.0141975902, 0.2828258670, 22.2386943351, -8.2954051468, -8.5194676950, -8.6261710639, -8.5994368542, -7.8097354472, 2.0000000000, 5.0000000000, 2.0018216491
         128, 0.2825505612, 0.0127053689, 0.0141975820, 0.1488078903, -0.0630686499, 0.0130348399, -0.0023957730, 0.0141975820, 0.2828259294, 22.2386742920, -8.3258583869, -8.5481758306, -8.6598819362, -8.6348358146, -7.8407617846, 2.0000000000, 5.0000000000, 2.0171753685
         129, 0.2825506348, 0.0127053833, 0.0141975746, 0.1488079108, -0.0630686981, 0.0130348270, -0.0023957626, 0.0141975746, 0.2828260036, 22.2386549018, -8.3565674080, -8.5763268582, -8.6942053863, -8.6699811677, -7.8716411078, 2.0000000000, 5.0000000000, 2.0326506654
         130, 0.2825507198, 0.0127053979, 0.0141975680, 0.1488079391, -0.0630687501, 0.0130348149, -0.0023957525, 0.0141975680, 0.2828260892, 22.2386360248, -8.3873274499, -8.6039693252, -8.7291593685, -8.7044805116, -7.9021521429, 2.0000000000, 5.0000000000, 2.0491032163
         131, 0.2825508158, 0.0127054128, 0.0141975621, 0.1488079748, -0.0630688060, 0.0130348034, -0.0023957428, 0.0141975621, 0.2828261860, 22.2386175785, -8.4179219253, -8.6311857752, -8.7646644161, -8.7379747220, -7.9321176051, 2.0000000000, 5.0000000000, 2.0651475191
         132, 0.2825509227, 0.0127054279, 0.0141975569, 0.1488080178, -0.0630688661, 0.0130347926, -0.0023957334, 0.0141975569, 0.2828262935, 22.2385995367, -8.4481524259, -8.6580789077, -8.8005355671, -8.7701886897, -7.9614323085, 2.0000000000, 5.0000000000, 2.0865261515
         133, 0.2825510401, 0.0127054432, 0.0141975524, 0.1488080677, -0.0630689305, 0.0130347825, -0.0023957244, 0.0141975524, 0.2828264115, 22.2385819241, -8.4778682792, -8.6847562508, -8.8364870010, -8.8009733867, -7.9900809802, 2.0000000000, 5.0000000000, 2.1046212514
         134, 0.2825511677, 0.0127054588, 0.0141975485, 0.1488081243, -0.0630689991, 0.0130347732, -0.0023957157, 0.0141975485, 0.2828265398, 22.2385647997, -8.5069901123, -8.7113162590, -8.8721523888, -8.8303265740, -8.0181411556, 2.0000000000, 5.0000000000, 2.1220042348
         135, 0.2825513051, 0.0127054744, 0.0141975452, 0.1488081873, -0.0630690718, 0.0130347646, -0.0023957074, 0.0141975452, 0.2828266778, 22.2385482469, -8.5355227034, -8.7378367364, -8.9071221160, -8.8583860475, -8.0457707023, 2.0000000000, 5.0000000000, 2.1376769503
         136, 0.2825514518, 0.0127054901, 0.0141975425, 0.1488082564, -0.0630691486, 0.0130347568, -0.0023956996, 0.0141975425, 0.2828268251, 22.2385323640, -8.5635539569, -8.7643670813, -8.9409955155, -8.8853968140, -8.0731823791, 2.0000000000, 5.0000000000, 2.1547300180
         137, 0.2825516070, 0.0127055057, 0.0141975404, 0.1488083311, -0.0630692292, 0.0130347499, -0.0023956923, 0.0141975404, 0.2828269810, 22.2385172534, -8.5912405533, -8.7909250253, -8.9734410802, -8.9116609444, -8.1006116184, 2.0000000000, 5.0000000000, 2.1700625022
         138, 0.2825517703, 0.0127055211, 0.0141975388, 0.1488084109, -0.0630693132, 0.0130347437, -0.0023956856, 0.0141975388, 0.2828271448, 22.2385030191, -8.6187836054, -8.8174977675, -9.0042521441, -8.9374821932, -8.1282838445, 2.0000000000, 5.0000000000, 2.1854623993
         139, 0.2825519406, 0.0127055364, 0.0141975378, 0.1488084955, -0.0630694002, 0.0130347384, -0.0023956795, 0.0141975378, 0.2828273157, 22.2384897598, -8.6463992883, -8.8440472578, -9.0333830688, -8.9631162979, -8.1563860065, 2.0000000000, 5.0000000000, 2.2008333524
         140, 0.2825521170, 0.0127055513, 0.0141975371, 0.1488085842, -0.0630694899, 0.0130347338, -0.0023956740, 0.0141975371, 0.2828274926, 22.2384775600, -8.6742895323, -8.8705188440, -9.0609542323, -8.9887334217, -8.1850450011, 2.0000000000, 5.0000000000, 2.2160983523
         141, 0.2825522986, 0.0127055658, 0.0141975369, 0.1488086764, -0.0630695816, 0.0130347300, -0.0023956692, 0.0141975369, 0.2828276747, 22.2384664871, -8.7026166934, -8.8968521513, -9.0872231330, -9.0143955706, -8.2143140587, 2.0000000000, 5.0000000000, 2.2314376354
         142, 0.2825524842, 0.0127055798, 0.0141975372, 0.1488087714, -0.0630696748, 0.0130347270, -0.0023956651, 0.0141975372, 0.2828278608, 22.2384565891, -8.7314844639, -8.9229926291, -9.1125296142, -9.0400498532, -8.2441670640, 2.0000000000, 5.0000000000, 2.2467386325
         143, 0.2825526727, 0.0127055932, 0.0141975377, 0.1488088688, -0.0630697690, 0.0130347247, -0.0023956618, 0.0141975377, 0.2828280498, 22.2384478946, -8.7609262419, -8.9489019690, -9.1372302530, -9.0655362204, -8.2745011156, 2.0000000000, 5.0000000000, 2.2622628490
         144, 0.2825528631, 0.0127056061, 0.0141975387, 0.1488089677, -0.0630698636, 0.0130347230, -0.0023956591, 0.0141975387, 0.2828282406, 22.2384404115, -8.7909012276, -8.9745655546, -9.1616368334, -9.0906097311, -8.3051473304, 2.0000000000, 5.0000000000, 2.2781214515
         145, 0.2825530540, 0.0127056182, 0.0141975399, 0.1488090674, -0.0630699579, 0.0130347220, -0.0023956572, 0.0141975399, 0.2828284319, 22.2384341277, -8.8212984477, -8.9999959581, -9.1859692912, -9.1149759609, -8.3358899872, 2.0000000000, 5.0000000000, 2.2938440323
         146, 0.2825532445, 0.0127056297, 0.0141975414, 0.1488091675, -0.0630700515, 0.0130347216, -0.0023956558, 0.0141975414, 0.2828286227, 22.2384290123, -8.8519487230, -9.0252321925, -9.2103278764, -9.1383364551, -8.3664932387, 2.0000000000, 5.0000000000, 2.3098169684
         147, 0.2825534333, 0.0127056405, 0.0141975431, 0.1488092671, -0.0630701437, 0.0130347216, -0.0023956552, 0.0141975431, 0.2828288118, 22.2384250170, -8.8826442699, -9.0503353776, -9.2346851388, -9.1604380387, -8.3967330527, 2.0000000000, 5.0000000000, 2.3259093841
         148, 0.2825536195, 0.0127056505, 0.0141975451, 0.1488093657, -0.0630702340, 0.0130347222, -0.0023956551, 0.0141975451, 0.2828289983, 22.2384220790, -8.9131647944, -9.0753820595, -9.2588966714, -9.1811170574, -8.4264302575, 2.0000000000, 5.0000000000, 2.3415447354
         149, 0.2825538021, 0.0127056599, 0.0141975472, 0.1488094628, -0.0630703221, 0.0130347231, -0.0023956555, 0.0141975472, 0.2828291812, 22.2384201236, -8.9433075977, -9.1004562632, -9.2827289451, -9.2003287992, -8.4554791202, 2.0000000000, 5.0000000000, 2.3569937189
         150, 0.2825539803, 0.0127056685, 0.0141975494, 0.1488095578, -0.0630704074, 0.0130347243, -0.0023956564, 0.0141975494, 0.2828293596, 22.2384190665, -8.9729174966, -9.1256410474, -9.3059014835, -9.2181551730, -8.4838653722, 2.0000000000, 5.0000000000, 2.3723554691
         151, 0.2825541533, 0.0127056764, 0.0141975518, 0.1488096502, -0.0630704896, 0.0130347259, -0.0023956577, 0.0141975518, 0.2828295327, 22.2384188171, -9.0019111860, -9.1510102708, -9.3281383114, -9.2347896200, -8.5116693803, 2.0000000000, 5.0000000000, 2.3877443512
         152, 0.2825543203, 0.0127056837, 0.0141975543, 0.1488097397, -0.0630705684, 0.0130347277, -0.0023956594, 0.0141975543, 0.2828296999, 22.2384192813, -9.0302909084, -9.1766213513, -9.3492206093, -9.2505046053, -8.5390535277, 2.0000000000, 5.0000000000, 2.4031417330
         153, 0.2825544809, 0.0127056903, 0.0141975569, 0.1488098260, -0.0630706436, 0.0130347296, -0.0023956614, 0.0141975569, 0.2828298606, 22.2384203635, -9.0581444427, -9.2025095944, -9.3690305840, -9.2656109883, -8.5662371393, 2.0000000000, 5.0000000000, 2.4184014837
         154, 0.2825546347, 0.0127056963, 0.0141975595, 0.1488099087, -0.0630707150, 0.0130347317, -0.0023956636, 0.0141975595, 0.2828300145, 22.2384219698, -9.0856315397, -9.2286845179, -9.3875770819, -9.2804187340, -8.5934646321, 2.0000000000, 5.0000000000, 2.4337452690
         155, 0.2825547811, 0.0127057017, 0.0141975622, 0.1488099877, -0.0630707825, 0.0130347339, -0.0023956660, 0.0141975622, 0.2828301610, 22.2384240094, -9.1129600269, -9.2551284217, -9.4049974512, -9.2952056475, -8.6209730362, 2.0000000000, 5.0000000000, 2.4490104159
         156, 0.2825549201, 0.0127057066, 0.0141975649, 0.1488100627, -0.0630708459, 0.0130347361, -0.0023956686, 0.0141975649, 0.2828303001, 22.2384263968, -9.1403566224, -9.2817974310, -9.4215366096, -9.3101970623, -8.6489634971, 2.0000000000, 5.0000000000, 2.4643646002
         157, 0.2825550515, 0.0127057109, 0.0141975676, 0.1488101337, -0.0630709053, 0.0130347383, -0.0023956712, 0.0141975676, 0.2828304315, 22.2384290526, -9.1680376321, -9.3086249327, -9.4375101094, -9.3255564073, -8.6775794657, 2.0000000000, 5.0000000000, 2.4797404011
         158, 0.2825551751, 0.0127057149, 0.0141975702, 0.1488102006, -0.0630709606, 0.0130347405, -0.0023956739, 0.0141975702, 0.2828305552, 22.2384319049, -9.1961834325, -9.3355272125, -9.4532612068, -9.3413848615, -8.7068923845, 2.0000000000, 5.0000000000, 2.4950615525
         159, 0.2825552911, 0.0127057184, 0.0141975729, 0.1488102635, -0.0630710120, 0.0130347427, -0.0023956766, 0.0141975729, 0.2828306711, 22.2384348899, -9.2249190955, -9.3624107529, -9.4691210306, -9.3577276768, -8.7368948783, 2.0000000000, 5.0000000000, 2.5103099505
         160, 0.2825553994, 0.0127057215, 0.0141975755, 0.1488103223, -0.0630710594, 0.0130347448, -0.0023956792, 0.0141975755, 0.2828307795, 22.2384379520, -9.2543019997, -9.3891805413, -9.4853778818, -9.3745849203, -8.7675012634, 2.0000000000, 5.0000000000, 2.5256906827
         161, 0.2825555003, 0.0127057243, 0.0141975781, 0.1488103770, -0.0630711031, 0.0130347469, -0.0023956818, 0.0141975781, 0.2828308804, 22.2384410444, -9.2843166409, -9.4157484611, -9.5022578932, -9.3919246361, -8.7985554956, 2.0000000000, 5.0000000000, 2.5412042856
         162, 0.2825555939, 0.0127057267, 0.0141975806, 0.1488104279, -0.0630711431, 0.0130347489, -0.0023956844, 0.0141975806, 0.2828309740, 22.2384441284, -9.3148765269, -9.4420410110, -9.5199165326, -9.4096968192, -8.8298468031, 2.0000000000, 5.0000000000, 2.5564407667
         163, 0.2825556804, 0.0127057289, 0.0141975831, 0.1488104750, -0.0630711796, 0.0130347508, -0.0023956869, 0.0141975831, 0.2828310605, 22.2384471734, -9.3458332097, -9.4680055170, -9.5384389757, -9.4278467957, -8.8611328733, 2.0000000000, 5.0000000000, 2.5718187014
         164, 0.2825557602, 0.0127057308, 0.0141975855, 0.1488105185, -0.0630712128, 0.0130347526, -0.0023956892, 0.0141975855, 0.2828311403, 22.2384501563, -9.3769923259, -9.4936141646, -9.5578470547, -9.4463268128, -8.8921693298, 2.0000000000, 5.0000000000, 2.5872393688
         165, 0.2825558336, 0.0127057324, 0.0141975878, 0.1488105585, -0.0630712429, 0.0130347543, -0.0023956915, 0.0141975878, 0.2828312136, 22.2384530609, -9.4081360110, -9.5188655760, -9.5781105551, -9.4651048484, -8.9227421021, 2.0000000000, 5.0000000000, 2.6028003335
         166, 0.2825559009, 0.0127057338, 0.0141975901, 0.1488105953, -0.0630712701, 0.0130347559, -0.0023956937, 0.0141975901, 0.2828312809, 22.2384558768, -9.4390499194, -9.5437839777, -9.5991611340, -9.4841699687, -8.9526977663, 2.0000000000, 5.0000000000, 2.6183239341
         167, 0.2825559624, 0.0127057350, 0.0141975923, 0.1488106289, -0.0630712946, 0.0130347574, -0.0023956958, 0.0141975923, 0.2828313423, 22.2384585991, -9.4695516252, -9.5684162907, -9.6209074741, -9.5035340488, -8.9819660225, 2.0000000000, 5.0000000000, 2.6346695662
         168, 0.2825560185, 0.0127057360, 0.0141975944, 0.1488106597, -0.0630713165, 0.0130347589, -0.0023956977, 0.0141975944, 0.2828313984, 22.2384612270, -9.4995161520, -9.5928276797, -9.6432504977, -9.5232300442, -9.0105696780, 2.0000000000, 5.0000000000, 2.6511514823
         169, 0.2825560696, 0.0127057369, 0.0141975964, 0.1488106877, -0.0630713361, 0.0130347603, -0.0023956996, 0.0141975964, 0.2828314495, 22.2384637634, -9.5288937684, -9.6170957399, -9.6660974250, -9.5433074773, -9.0386196758, 2.0000000000, 5.0000000000, 2.6676248511
         170, 0.2825561161, 0.0127057376, 0.0141975984, 0.1488107133, -0.0630713537, 0.0130347615, -0.0023957014, 0.0141975984, 0.2828314960, 22.2384662137, -9.5577162695, -9.6413039968, -9.6893734588, -9.5638260056, -9.0662962348, 2.0000000000, 5.0000000000, 2.6843777021
         171, 0.2825561583, 0.0127057381, 0.0141976002, 0.1488107366, -0.0630713693, 0.0130347628, -0.0023957031, 0.0141976002, 0.2828315381, 22.2384685851, -9.5860904112, -9.6655356294, -9.7130299116, -9.5848480262, -9.0938204529, 2.0000000000, 5.0000000000, 2.7007293502
         172, 0.2825561965, 0.0127057385, 0.0141976020, 0.1488107578, -0.0630713831, 0.0130347639, -0.0023957048, 0.0141976020, 0.2828315764, 22.2384708858, -9.6141800499, -9.6898680079, -9.7370481853, -9.6064312832, -9.1214224857, 2.0000000000, 5.0000000000, 2.7169032653
         173, 0.2825562312, 0.0127057388, 0.0141976037, 0.1488107770, -0.0630713955, 0.0130347650, -0.0023957063, 0.0141976037, 0.2828316110, 22.2384731248, -9.6421808632, -9.7143687991, -9.7614394826, -9.6286222830, -9.1493117462, 2.0000000000, 5.0000000000, 2.7336430987
         174, 0.2825562627, 0.0127057390, 0.0141976054, 0.1488107946, -0.0630714064, 0.0130347661, -0.0023957079, 0.0141976054, 0.2828316424, 22.2384753108, -9.6702925383, -9.7390935970, -9.7862406810, -9.6514511091, -9.1776530024, 2.0000000000, 5.0000000000, 2.7492941340
         175, 0.2825562911, 0.0127057390, 0.0141976069, 0.1488108105, -0.0630714161, 0.0130347671, -0.0023957093, 0.0141976069, 0.2828316708, 22.2384774520, -9.6986928340, -9.7640850221, -9.8115071507, -9.6749280584, -9.2065498370, 2.0000000000, 5.0000000000, 2.7657332857
         176, 0.2825563169, 0.0127057390, 0.0141976084, 0.1488108251, -0.0630714246, 0.0130347681, -0.0023957107, 0.0141976084, 0.2828316966, 22.2384795557, -9.7275163761, -9.7893729950, -9.8373036038, -9.6990422136, -9.2360357239, 2.0000000000, 5.0000000000, 2.7811019659
         177, 0.2825563403, 0.0127057389, 0.0141976098, 0.1488108383, -0.0630714322, 0.0130347691, -0.0023957121, 0.0141976098, 0.2828317200, 22.2384816285, -9.7568400038, -9.8149757131, -9.8636940857, -9.7237620079, -9.2660725584, 2.0000000000, 5.0000000000, 2.7964118679
         178, 0.2825563615, 0.0127057386, 0.0141976111, 0.1488108505, -0.0630714390, 0.0130347700, -0.0023957135, 0.0141976111, 0.2828317411, 22.2384836752, -9.7866749982, -9.8409010570, -9.8907323115, -9.7490376696, -9.2965561453, 2.0000000000, 5.0000000000, 2.8117605011
         179, 0.2825563808, 0.0127057384, 0.0141976123, 0.1488108616, -0.0630714450, 0.0130347708, -0.0023957148, 0.0141976123, 0.2828317604, 22.2384856997, -9.8169664473, -9.8671482607, -9.9184533303, -9.7748052808, -9.3273284457, 2.0000000000, 5.0000000000, 2.8273710012
         180, 0.2825563983, 0.0127057380, 0.0141976135, 0.1488108717, -0.0630714503, 0.0130347717, -0.0023957161, 0.0141976135, 0.2828317778, 22.2384877043, -9.8475995681, -9.8937096164, -9.9468672878, -9.8009921787, -9.3581962481, 2.0000000000, 5.0000000000, 2.8436238329
         181, 0.2825564143, 0.0127057376, 0.0141976146, 0.1488108811, -0.0630714550, 0.0130347725, -0.0023957173, 0.0141976146, 0.2828317937, 22.2384896902, -9.8784130366, -9.9205721978, -9.9759558912, -9.8275231656, -9.3889555121, 2.0000000000, 5.0000000000, 2.8591203014
         182, 0.2825564288, 0.0127057371, 0.0141976157, 0.1488108897, -0.0630714593, 0.0130347733, -0.0023957186, 0.0141976157, 0.2828318083, 22.2384916574, -9.9092183540, -9.9477197764, -10.0056718896, -9.8543270089, -9.4194184720, 2.0000000000, 5.0000000000, 2.8754033844
         183, 0.2825564421, 0.0127057366, 0.0141976167, 0.1488108977, -0.0630714631, 0.0130347741, -0.0023957198, 0.0141976167, 0.2828318215, 22.2384936047, -9.9398240612, -9.9751344069, -10.0359416616, -9.8813425649, -9.4494403609, 2.0000000000, 5.0000000000, 2.8908054511
         184, 0.2825564543, 0.0127057360, 0.0141976176, 0.1488109050, -0.0630714665, 0.0130347749, -0.0023957210, 0.0141976176, 0.2828318336, 22.2384955302, -9.9700619194, -10.0027978782, -10.0666707177, -9.9085238224, -9.4789408221, 2.0000000000, 5.0000000000, 2.9060801506
         185, 0.2825564655, 0.0127057355, 0.0141976185, 0.1488109119, -0.0630714695, 0.0130347756, -0.0023957222, 0.0141976185, 0.2828318448, 22.2384974311, -9.9998111307, -10.0306926026, -10.0977517960, -9.9358432978, -9.5079157951, 2.0000000000, 5.0000000000, 2.9214570522
         186, 0.2825564757, 0.0127057349, 0.0141976193, 0.1488109182, -0.0630714723, 0.0130347763, -0.0023957233, 0.0141976193, 0.2828318550, 22.2384993043, -10.0290162742, -10.0588018986, -10.1290747063, -9.9632933326, -9.5364370702, 2.0000000000, 5.0000000000, 2.9368398825
         187, 0.2825564852, 0.0127057342, 0.0141976201, 0.1488109242, -0.0630714748, 0.0130347770, -0.0023957245, 0.0141976201, 0.2828318644, 22.2385011461, -10.0576953132, -10.0871095740, -10.1605369832, -9.9908852248, -9.5646400796, 2.0000000000, 5.0000000000, 2.9522664348
         188, 0.2825564939, 0.0127057336, 0.0141976208, 0.1488109297, -0.0630714770, 0.0130347777, -0.0023957256, 0.0141976208, 0.2828318730, 22.2385029526, -10.0859361053, -10.1155989908, -10.1920541210, -10.0186463578, -9.5927022669, 2.0000000000, 5.0000000000, 2.9676591833
         189, 0.2825565019, 0.0127057329, 0.0141976215, 0.1488109349, -0.0630714791, 0.0130347784, -0.0023957267, 0.0141976215, 0.2828318810, 22.2385047203, -10.1138822152, -10.1442517750, -10.2235678748, -10.0466157511, -9.6208169953, 2.0000000000, 5.0000000000, 2.9831424673
         190, 0.2825565093, 0.0127057323, 0.0141976222, 0.1488109397, -0.0630714809, 0.0130347790, -0.0023957277, 0.0141976222, 0.2828318884, 22.2385064452, -10.1417111112, -10.1730466984, -10.2550515954, -10.0748386863, -9.6491669631, 2.0000000000, 5.0000000000, 2.9995996833
         191, 0.2825565162, 0.0127057316, 0.0141976228, 0.1488109442, -0.0630714826, 0.0130347796, -0.0023957287, 0.0141976228, 0.2828318952, 22.2385081240, -10.1696092130, -10.2019585880, -10.2865116077, -10.1033611333, -9.6779014848, 2.0000000000, 5.0000000000, 3.0149698019
         192, 0.2825565226, 0.0127057310, 0.0141976234, 0.1488109485, -0.0630714841, 0.0130347801, -0.0023957297, 0.0141976234, 0.2828319015, 22.2385097534, -10.1977473574, -10.2309581941, -10.3179844619, -10.1322244623, -9.7071188299, 2.0000000000, 5.0000000000, 3.0312806328
         193, 0.2825565284, 0.0127057304, 0.0141976239, 0.1488109524, -0.0630714855, 0.0130347807, -0.0023957307, 0.0141976239, 0.2828319074, 22.2385113308, -10.2262602979, -10.2600122243, -10.3495303735, -10.1614611620, -9.7368556165, 2.0000000000, 5.0000000000, 3.0467991352
         194, 0.2825565339, 0.0127057297, 0.0141976244, 0.1488109562, -0.0630714867, 0.0130347812, -0.0023957316, 0.0141976244, 0.2828319128, 22.2385128538, -10.2552313202, -10.2890845429, -10.3812237923, -10.1910918274, -9.7670824844, 2.0000000000, 5.0000000000, 3.0622268677
         195, 0.2825565389, 0.0127057291, 0.0141976249, 0.1488109597, -0.0630714878, 0.0130347817, -0.0023957325, 0.0141976249, 0.2828319178, 22.2385143206, -10.2846834143, -10.3181374851, -10.4131425063, -10.2211236583, -9.7977064267, 2.0000000000, 5.0000000000, 3.0775217692
         196, 0.2825565436, 0.0127057285, 0.0141976254, 0.1488109629, -0.0630714888, 0.0130347822, -0.0023957333, 0.0141976254, 0.2828319224, 22.2385157298, -10.3145765176, -10.3471335650, -10.4453565747, -10.2515504613, -9.8285797442, 2.0000000000, 5.0000000000, 3.0929366509
         197, 0.2825565478, 0.0127057279, 0.0141976258, 0.1488109660, -0.0630714896, 0.0130347827, -0.0023957341, 0.0141976258, 0.2828319266, 22.2385170805, -10.3448111747, -10.3760374558, -10.4779183832, -10.2823542109, -9.8595149525, 2.0000000000, 5.0000000000, 3.1084042668
         198, 0.2825565518, 0.0127057274, 0.0141976263, 0.1488109688, -0.0630714904, 0.0130347831, -0.0023957349, 0.0141976263, 0.2828319305, 22.2385183724, -10.3752384816, -10.4048181485, -10.5108551255, -10.3135078109, -9.8903057989, 2.0000000000, 5.0000000000, 3.1240147988
         199, 0.2825565554, 0.0127057268, 0.0141976266, 0.1488109714, -0.0630714910, 0.0130347835, -0.0023957356, 0.0141976266, 0.2828319341, 22.2385196056, -10.4056757035, -10.4334506511, -10.5441642058, -10.3449789016, -9.9207515252, 2.0000000000, 5.0000000000, 3.1402191838
         200, 0.2825565587, 0.0127057263, 0.0141976270, 0.1488109739, -0.0630714916, 0.0130347839, -0.0023957363, 0.0141976270, 0.2828319374, 22.2385207807, -10.4359269156, -10.4619180304, -10.5778120614, -10.3767341293, -9.9506822210, 2.0000000000, 5.0000000000, 3.1556823333
         201, 0.2825565617, 0.0127057258, 0.0141976274, 0.1488109761, -0.0630714921, 0.0130347843, -0.0023957370, 0.0141976274, 0.2828319404, 22.2385218986, -10.4658066514, -10.4902132709, -10.6117367638, -10.4087434736, -9.9799813721, 2.0000000000, 5.0000000000, 3.1770688335
         202, 0.2825565645, 0.0127057253, 0.0141976277, 0.1488109782, -0.0630714924, 0.0130347847, -0.0023957376, 0.0141976277, 0.2828319431, 22.2385229607, -10.4951629252, -10.5183403712, -10.6458539500, -10.4409841561, -10.0086003989, 2.0000000000, 5.0000000000, 3.1923987190
         203, 0.2825565669, 0.0127057249, 0.0141976280, 0.1488109802, -0.0630714927, 0.0130347850, -0.0023957382, 0.0141976280, 0.2828319455, 22.2385239686, -10.5238969296, -10.5463151405, -10.6800656394, -10.4734434623, -10.0365636888, 2.0000000000, 5.0000000000, 3.2077117999
         204, 0.2825565692, 0.0127057244, 0.0141976283, 0.1488109819, -0.0630714929, 0.0130347853, -0.0023957388, 0.0141976283, 0.2828319477, 22.2385249240, -10.5519750197, -10.5741646285, -10.7142713044, -10.5061200329, -10.0639622630, 2.0000000000, 5.0000000000, 3.2230097175
         205, 0.2825565712, 0.0127057240, 0.0141976286, 0.1488109835, -0.0630714930, 0.0130347856, -0.0023957393, 0.0141976286, 0.2828319497, 22.2385258292, -10.5794308279, -10.6019257326, -10.7483793053, -10.5390236021, -10.0909367889, 2.0000000000, 5.0000000000, 3.2383517663
         206, 0.2825565729, 0.0127057236, 0.0141976289, 0.1488109850, -0.0630714931, 0.0130347859, -0.0023957398, 0.0141976289, 0.2828319514, 22.2385266862, -10.6063573332, -10.6296427423, -10.7823175898, -10.5721729942, -10.1176559043, 2.0000000000, 5.0000000000, 3.2536066333
         207, 0.2825565745, 0.0127057232, 0.0141976291, 0.1488109863, -0.0630714931, 0.0130347862, -0.0023957403, 0.0141976291, 0.2828319529, 22.2385274973, -10.6328906098, -10.6573649131, -10.8160422237, -10.6055924037, -10.1442917745, 2.0000000000, 5.0000000000, 3.2689646165
         208, 0.2825565758, 0.0127057228, 0.0141976294, 0.1488109875, -0.0630714930, 0.0130347865, -0.0023957407, 0.0141976294, 0.2828319543, 22.2385282648, -10.6591882165, -10.6851435101, -10.8495416322, -10.6393069470, -10.1709976780, 2.0000000000, 5.0000000000, 3.2841890176
         209, 0.2825565770, 0.0127057224, 0.0141976296, 0.1488109886, -0.0630714929, 0.0130347867, -0.0023957411, 0.0141976296, 0.2828319554, 22.2385289907, -10.6854076443, -10.7130290421, -10.8828373680, -10.6733373274, -10.1978915124, 2.0000000000, 5.0000000000, 3.2996172825
         210, 0.2825565779, 0.0127057221, 0.0141976298, 0.1488109895, -0.0630714927, 0.0130347870, -0.0023957415, 0.0141976298, 0.2828319563, 22.2385296774, -10.7116859612, -10.7410686460, -10.9159796489, -10.7076945331, -10.2250438926, 2.0000000000, 5.0000000000, 3.3151183168
         211, 0.2825565787, 0.0127057218, 0.0141976300, 0.1488109903, -0.0630714924, 0.0130347872, -0.0023957419, 0.0141976300, 0.2828319571, 22.2385303269, -10.7381247635, -10.7693046350, -10.9490391532, -10.7423752484, -10.2524734375, 2.0000000000, 5.0000000000, 3.3304627021
         212, 0.2825565794, 0.0127057214, 0.0141976302, 0.1488109911, -0.0630714921, 0.0130347874, -0.0023957423, 0.0141976302, 0.2828319578, 22.2385309412, -10.7647806812, -10.7977724082, -10.9820958087, -10.7773580628, -10.2801484632, 2.0000000000, 5.0000000000, 3.3458523512
         213, 0.2825565799, 0.0127057211, 0.0141976304, 0.1488109917, -0.0630714918, 0.0130347876, -0.0023957426, 0.0141976304, 0.2828319582, 22.2385315220, -10.7916615210, -10.8264990764, -11.0152264234, -10.8126013813, -10.3079930449, 2.0000000000, 5.0000000000, 3.3611197829
         214, 0.2825565803, 0.0127057208, 0.0141976306, 0.1488109922, -0.0630714914, 0.0130347878, -0.0023957429, 0.0141976306, 0.2828319586, 22.2385320711, -10.8187290002, -10.8555027571, -11.0484922169, -10.8480429338, -10.3358989849, 2.0000000000, 5.0000000000, 3.3764903665
         215, 0.2825565805, 0.0127057205, 0.0141976307, 0.1488109927, -0.0630714911, 0.0130347880, -0.0023957432, 0.0141976307, 0.2828319588, 22.2385325902, -10.8459054106, -10.8847915262, -11.0819283672, -10.8836014253, -10.3637397396, 2.0000000000, 5.0000000000, 3.3918810169
         216, 0.2825565807, 0.0127057203, 0.0141976309, 0.1488109931, -0.0630714906, 0.0130347882, -0.0023957435, 0.0141976309, 0.2828319590, 22.2385330806, -10.8730853858, -10.9143640714, -11.1155361487, -10.9191802975, -10.3913883450, 2.0000000000, 5.0000000000, 3.4072514494
         217, 0.2825565807, 0.0127057200, 0.0141976310, 0.1488109934, -0.0630714902, 0.0130347883, -0.0023957438, 0.0141976310, 0.2828319590, 22.2385335437, -10.9001501688, -10.9442085787, -11.1492785789, -10.9546731180, -10.4187332455, 2.0000000000, 5.0000000000, 3.4226120154
         218, 0.2825565806, 0.0127057198, 0.0141976311, 0.1488109936, -0.0630714897, 0.0130347885, -0.0023957440, 0.0141976311, 0.2828319589, 22.2385339809, -10.9269845541, -10.9743042699, -11.1830804672, -10.9899700456, -10.4456939292, 2.0000000000, 5.0000000000, 3.4379546523
         219, 0.2825565805, 0.0127057195, 0.0141976313, 0.1488109938, -0.0630714893, 0.0130347886, -0.0023957443, 0.0141976313, 0.2828319588, 22.2385343932, -10.9534909620, -11.0046221021, -11.2168327296, -11.0249655855, -10.4722298406, 2.0000000000, 5.0000000000, 3.4532665690
         220, 0.2825565803, 0.0127057193, 0.0141976314, 0.1488109940, -0.0630714888, 0.0130347888, -0.0023957445, 0.0141976314, 0.2828319585, 22.2385347817, -10.9796031084, -11.0351257488, -11.2503999517, -11.0595649488, -10.4983450387, 2.0000000000, 5.0000000000, 3.4686263680
         221, 0.2825565800, 0.0127057191, 0.0141976315, 0.1488109940, -0.0630714883, 0.0130347889, -0.0023957447, 0.0141976315, 0.2828319583, 22.2385351474, -11.0052934790, -11.0657723255, -11.2836320263, -11.0936893422, -10.5240843484, 2.0000000000, 5.0000000000, 3.4839698513
         222, 0.2825565797, 0.0127057189, 0.0141976316, 0.1488109941, -0.0630714878, 0.0130347890, -0.0023957449, 0.0141976316, 0.2828319579, 22.2385354914, -11.0305748593, -11.0965136050, -11.3163772328, -11.1272786760, -10.5495246850, 2.0000000000, 5.0000000000, 3.4991305153
         223, 0.2825565793, 0.0127057187, 0.0141976317, 0.1488109941, -0.0630714873, 0.0130347891, -0.0023957451, 0.0141976317, 0.2828319575, 22.2385358144, -11.0554969456, -11.1272957796, -11.3484957616, -11.1602911861, -10.5747617970, 2.0000000000, 5.0000000000, 3.5144943674
         224, 0.2825565789, 0.0127057185, 0.0141976317, 0.1488109941, -0.0630714868, 0.0130347892, -0.0023957452, 0.0141976317, 0.2828319571, 22.2385361173, -11.0801373233, -11.1580611287, -11.3798715056, -11.1927000029, -10.5998965278, 2.0000000000, 5.0000000000, 3.5297475338
         225, 0.2825565784, 0.0127057183, 0.0141976318, 0.1488109941, -0.0630714863, 0.0130347893, -0.0023957454, 0.0141976318, 0.2828319566, 22.2385364009, -11.1045883495, -11.1887481695, -11.4104195343, -11.2244869649, -10.6250191668, 2.0000000000, 5.0000000000, 3.5450979153
         226, 0.2825565779, 0.0127057181, 0.0141976319, 0.1488109940, -0.0630714859, 0.0130347894, -0.0023957455, 0.0141976319, 0.2828319561, 22.2385366661, -11.1289446354, -11.2192918792, -11.4400903754, -11.2556351332, -10.6501989212, 2.0000000000, 5.0000000000, 3.5604696671
         227, 0.2825565774, 0.0127057179, 0.0141976319, 0.1488109939, -0.0630714854, 0.0130347895, -0.0023957457, 0.0141976319, 0.2828319556, 22.2385369135, -11.1532899454, -11.2496259527, -11.4688665550, -11.2861209676, -10.6754757632, 2.0000000000, 5.0000000000, 3.5758717020
         228, 0.2825565769, 0.0127057178, 0.0141976320, 0.1488109938, -0.0630714849, 0.0130347896, -0.0023957458, 0.0141976320, 0.2828319551, 22.2385371439, -11.1776878822, -11.2796833507, -11.4967564175, -11.3159068043, -10.7008561006, 2.0000000000, 5.0000000000, 3.5912519336
         229, 0.2825565764, 0.0127057176, 0.0141976320, 0.1488109937, -0.0630714845, 0.0130347897, -0.0023957459, 0.0141976320, 0.2828319546, 22.2385373581, -11.2021751381, -11.3093978204, -11.5237826466, -11.3449373382, -10.7263144676, 2.0000000000, 5.0000000000, 3.6065751672
         230, 0.2825565759, 0.0127057175, 0.0141976321, 0.1488109936, -0.0630714841, 0.0130347898, -0.0023957460, 0.0141976321, 0.2828319540, 22.2385375567, -11.2267586001, -11.3387075311, -11.5499717970, -11.3731380141, -10.7517968180, 2.0000000000, 5.0000000000, 3.6219007015
         231, 0.2825565753, 0.0127057174, 0.0141976321, 0.1488109934, -0.0630714836, 0.0130347898, -0.0023957461, 0.0141976321, 0.2828319535, 22.2385377405, -11.2514171258, -11.3675541533, -11.5753432618, -11.4004186659, -10.7772290896, 2.0000000000, 5.0000000000, 3.6372335156
         232, 0.2825565748, 0.0127057173, 0.0141976322, 0.1488109933, -0.0630714832, 0.0130347899, -0.0023957462, 0.0141976322, 0.2828319529, 22.2385379102, -11.2761038950, -11.3958875064, -11.5999025568, -11.4266797997, -10.8025253881, 2.0000000000, 5.0000000000, 3.6525899490
         233, 0.2825565742, 0.0127057171, 0.0141976322, 0.1488109931, -0.0630714828, 0.0130347899, -0.0023957463, 0.0141976322, 0.2828319524, 22.2385380665, -11.3007571514, -11.4236641841, -11.6236392786, -11.4518244309, -10.8276028968, 2.0000000000, 5.0000000000, 3.6678712487
         234, 0.2825565737, 0.0127057170, 0.0141976322, 0.1488109930, -0.0630714825, 0.0130347900, -0.0023957464, 0.0141976322, 0.2828319519, 22.2385382101, -11.3253061164, -11.4508509222, -11.6465297390, -11.4757686860, -10.8523894124, 2.0000000000, 5.0000000000, 3.6832329512
         235, 0.2825565732, 0.0127057169, 0.0141976323, 0.1488109928, -0.0630714821, 0.0130347900, -0.0023957464, 0.0141976323, 0.2828319513, 22.2385383417, -11.3496826231, -11.4774245431, -11.6685434028, -11.4984549451, -10.8768352935, 2.0000000000, 5.0000000000, 3.6984984159
         236, 0.2825565727, 0.0127057168, 0.0141976323, 0.1488109927, -0.0630714818, 0.0130347901, -0.0023957465, 0.0141976323, 0.2828319508, 22.2385384619, -11.3738310086, -11.5033727678, -11.6896513082, -11.5198611623, -10.9009192823, 2.0000000000, 5.0000000000, 3.7138560851
         237, 0.2825565722, 0.0127057168, 0.0141976323, 0.1488109925, -0.0630714814, 0.0130347901, -0.0023957466, 0.0141976323, 0.2828319503, 22.2385385715, -11.3977137975, -11.5286936458, -11.7098402366, -11.5400057300, -10.9246497738, 2.0000000000, 5.0000000000, 3.7292971690
         238, 0.2825565717, 0.0127057167, 0.0141976323, 0.1488109924, -0.0630714811, 0.0130347902, -0.0023957466, 0.0141976323, 0.2828319498, 22.2385386712, -11.4213191480, -11.5533940617, -11.7291179590, -11.5589490548, -10.9480663584, 2.0000000000, 5.0000000000, 3.7446467996
         239, 0.2825565712, 0.0127057166, 0.0141976324, 0.1488109922, -0.0630714808, 0.0130347902, -0.0023957467, 0.0141976324, 0.2828319493, 22.2385387615, -11.4446595609, -11.5774904748, -11.7475213751, -11.5767878738, -10.9712297563, 2.0000000000, 5.0000000000, 3.7599433343
         240, 0.2825565707, 0.0127057165, 0.0141976324, 0.1488109921, -0.0630714805, 0.0130347902, -0.0023957467, 0.0141976324, 0.2828319488, 22.2385388431, -11.4677730762, -11.6010048225, -11.7651177636, -11.5936472042, -10.9942181695, 2.0000000000, 5.0000000000, 3.7752707839
         241, 0.2825565703, 0.0127057165, 0.0141976324, 0.1488109919, -0.0630714803, 0.0130347902, -0.0023957467, 0.0141976324, 0.2828319484, 22.2385389167, -11.4907158243, -11.6239636432, -11.7820020828, -11.6096702160, -11.0171159506, 2.0000000000, 5.0000000000, 3.7905869842
         242, 0.2825565698, 0.0127057164, 0.0141976324, 0.1488109918, -0.0630714800, 0.0130347903, -0.0023957468, 0.0141976324, 0.2828319480, 22.2385389827, -11.5135557048, -11.6463962113, -11.7982905791, -11.6250061488, -11.0400031802, 2.0000000000, 5.0000000000, 3.8059598009
         243, 0.2825565694, 0.0127057164, 0.0141976324, 0.1488109916, -0.0630714797, 0.0130347903, -0.0023957468, 0.0141976324, 0.2828319475, 22.2385390418, -11.5363651518, -11.6683323500, -11.8141128791, -11.6398016858, -11.0629498367, 2.0000000000, 5.0000000000, 3.8213368018
         244, 0.2825565690, 0.0127057163, 0.0141976324, 0.1488109915, -0.0630714795, 0.0130347903, -0.0023957468, 0.0141976324, 0.2828319471, 22.2385390945, -11.5592128855, -11.6897994408, -11.8296020956, -11.6541928143, -11.0860095352, 2.0000000000, 5.0000000000, 3.8367381493
         245, 0.2825565686, 0.0127057163, 0.0141976324, 0.1488109913, -0.0630714793, 0.0130347903, -0.0023957469, 0.0141976324, 0.2828319467, 22.2385391413, -11.5821579342, -11.7108257952, -11.8448847242, -11.6683007648, -11.1092150148, 2.0000000000, 5.0000000000, 3.8520326654
         246, 0.2825565682, 0.0127057162, 0.0141976324, 0.1488109912, -0.0630714791, 0.0130347903, -0.0023957469, 0.0141976324, 0.2828319463, 22.2385391827, -11.6052434639, -11.7314362773, -11.8600752758, -11.6822295690, -11.1325784273, 2.0000000000, 5.0000000000, 3.8674610019
         247, 0.2825565678, 0.0127057162, 0.0141976324, 0.1488109911, -0.0630714789, 0.0130347904, -0.0023957469, 0.0141976324, 0.2828319460, 22.2385392191, -11.6284960426, -11.7516539268, -11.8752710171, -11.6960654465, -11.1560923925, 2.0000000000, 5.0000000000, 3.8827028990
         248, 0.2825565675, 0.0127057162, 0.0141976324, 0.1488109909, -0.0630714787, 0.0130347904, -0.0023957469, 0.0141976324, 0.2828319456, 22.2385392509, -11.6519234977, -11.7714994562, -11.8905491633, -11.7098789654, -11.1797344741, 2.0000000000, 5.0000000000, 3.8981736342
         249, 0.2825565671, 0.0127057161, 0.0141976324, 0.1488109908, -0.0630714785, 0.0130347904, -0.0023957469, 0.0141976324, 0.2828319452, 22.2385392784, -11.6755171244, -11.7909946667, -11.9059657870, -11.7237276212, -11.2034678268, 2.0000000000, 5.0000000000, 3.9136430820
         250, 0.2825565668, 0.0127057161, 0.0141976324, 0.1488109907, -0.0630714783, 0.0130347904, -0.0023957469, 0.0141976324, 0.2828319449, 22.2385393021, -11.6992558304, -11.8101598917, -11.9215590527, -11.7376575324, -11.2272547816, 2.0000000000, 5.0000000000, 3.9290776332
         251, 0.2825565665, 0.0127057161, 0.0141976324, 0.1488109905, -0.0630714782, 0.0130347904, -0.0023957469, 0.0141976324, 0.2828319446, 22.2385393223, -11.7231057112, -11.8290151332, -11.9373490159, -11.7517076038, -11.2510528568, 2.0000000000, 5.0000000000, 3.9444720825
         252, 0.2825565662, 0.0127057160, 0.0141976324, 0.1488109904, -0.0630714780, 0.0130347904, -0.0023957470, 0.0141976324, 0.2828319443, 22.2385393393, -11.7470301943, -11.8475853257, -11.9533458496, -11.7659097883, -11.2748279148, 2.0000000000, 5.0000000000, 3.9605989178
         253, 0.2825565659, 0.0127057160, 0.0141976324, 0.1488109903, -0.0630714779, 0.0130347904, -0.0023957470, 0.0141976324, 0.2828319440, 22.2385393532, -11.7709923617, -11.8658933961, -11.9695474074, -11.7802931870, -11.2985535545, 2.0000000000, 5.0000000000, 3.9760377487
         254, 0.2825565656, 0.0127057160, 0.0141976324, 0.1488109902, -0.0630714777, 0.0130347904, -0.0023957470, 0.0141976324, 0.2828319437, 22.2385393645, -11.7949608729, -11.8839692121, -11.9859476212, -11.7948827628, -11.3222170031, 2.0000000000, 5.0000000000, 3.9914374669
         255, 0.2825565653, 0.0127057160, 0.0141976324, 0.1488109901, -0.0630714776, 0.0130347904, -0.0023957470, 0.0141976324, 0.2828319434, 22.2385393733, -11.8189097092, -11.9018398050, -12.0025380626, -11.8097020826, -11.3458150330, 2.0000000000, 5.0000000000, 4.0067497015
         256, 0.2825565650, 0.0127057160, 0.0141976324, 0.1488109900, -0.0630714774, 0.0130347904, -0.0023957470, 0.0141976324, 0.2828319431, 22.2385393798, -11.8428280971, -11.9195392991, -12.0193116584, -11.8247703212, -11.3693628689, 2.0000000000, 5.0000000000, 4.0220800320
         257, 0.2825565648, 0.0127057160, 0.0141976324, 0.1488109899, -0.0630714773, 0.0130347904, -0.0023957470, 0.0141976324, 0.2828319429, 22.2385393843, -11.8667117829, -11.9370996123, -12.0362586803, -11.8401060265, -11.3928779851, 2.0000000000, 5.0000000000, 4.0373649677
         258, 0.2825565645, 0.0127057159, 0.0141976324, 0.1488109897, -0.0630714772, 0.0130347904, -0.0023957470, 0.0141976324, 0.2828319426, 22.2385393868, -11.8905693417, -11.9545564214, -12.0533761474, -11.8557228700, -11.4163892604, 2.0000000000, 5.0000000000, 4.0527481000
         259, 0.2825565643, 0.0127057159, 0.0141976324, 0.1488109896, -0.0630714771, 0.0130347904, -0.0023957470, 0.0141976324, 0.2828319424, 22.2385393876, -11.9144182900, -11.9719444671, -12.0706627451, -11.8716317602, -11.4399258362, 2.0000000000, 5.0000000000, 4.0681318521
         260, 0.2825565640, 0.0127057159, 0.0141976324, 0.1488109895, -0.0630714770, 0.0130347905, -0.0023957470, 0.0141976324, 0.2828319421, 22.2385393868, -11.9382809958, -11.9892957962, -12.0881184637, -11.8878386939, -11.4635162812, 2.0000000000, 5.0000000000, 4.0835328499
         261, 0.2825565638, 0.0127057159, 0.0141976324, 0.1488109894, -0.0630714769, 0.0130347905, -0.0023957470, 0.0141976324, 0.2828319419, 22.2385393846, -11.9621827895, -12.0066453344, -12.1057461387, -11.9043450912, -11.4871847574, 2.0000000000, 5.0000000000, 4.0988686522
         262, 0.2825565636, 0.0127057159, 0.0141976324, 0.1488109893, -0.0630714768, 0.0130347905, -0.0023957470, 0.0141976324, 0.2828319417, 22.2385393810, -11.9861469059, -12.0240225425, -12.1235470757, -11.9211494377, -11.5109461396, 2.0000000000, 5.0000000000, 4.1141425848
         263, 0.2825565634, 0.0127057159, 0.0141976324, 0.1488109892, -0.0630714767, 0.0130347905, -0.0023957470, 0.0141976324, 0.2828319415, 22.2385393762, -12.0101952347, -12.0414554565, -12.1415231750, -11.9382451653, -11.5348111563, 2.0000000000, 5.0000000000, 4.1294888496
